nno_doc_hash,nob_doc_hash,nno_url,nob_url,nno_fulltext,nob_fulltext
48f904d665f8392f083724a3cf25508ae7b11b74,b0e043953105539142bbdedeaca358c47d6a14fb,https://web01.usn.no/~knielsen/kompendier/flipped_math/integrasjon/delvis/eks2.html,https://web01.usn.no/~knielsen/kompendier/flipped_math/integrasjon/delvis/eks1.html,"['Eksempel 2', 'Regn ut $\\int \\ln x \\ dx$', 'Løsning', 'Ved første øyekast virker kanskje ikke dette som et sted hvor delvis integrasjon kan være nyttig, vi har tross alt bare èn funksjon og ikke et produkt av to funksjoner. Vi kan derimot ""late"" som at det er to funksjoner multiplisert sammen ved å ""multiplisere"" med tallet 1: \\begin{align} \\int \\ln x \\ dx = \\int 1\\cdot\\ln x \\ dx \\end{align} Dersom vi nå velger $u\'=1$ og $v=\\ln x$, får vi $u=x$ og $v\' = \\frac{1}{x}$ og: \\begin{align} \\int 1\\cdot\\ln x \\ dx &= x \\ln x - \\int x \\cdot \\frac{1}{x} dx \\\\ &= x \\ln x - \\int dx \\\\ &= \\underline{\\underline{x \\ln x - x + C}} \\end{align} Vi kan sjekke at dette er riktig ved å derivere resultatet: \\begin{align} \\frac{d}{dx}[x \\ln x - x + C] &= \\frac{d}{dx}(x \\ln x) - \\frac{d}{dx} x + \\frac{d}{dx} C \\\\ &= \\ln x + x \\cdot \\frac{1}{x} - 1 + 0 = \\ln x + 1 - 1 = \\ln x \\end{align}', 'Nøkkelpoeng', 'Eksempel der delvis integrasjon kan brukes selv om vi ikke har to funksjonsuttrykk.']","['Eksempel 1', 'Regn ut $\\int x^2 e^x \\ dx$.', 'Løsning', ""Funksjonen likner på den vi hadde i eksempel 1 med unntak av at vi har $x^2$ istedenfor $x$. La oss gjøre et liknende valg som i forrige eksempel og velge $u=x^2$ og $v'=e^x$. Vi får da $u'=2x$, $v=e^x$ og: \\begin{align} \\int x^2 e^x \\ dx = x^2 e^x - \\int 2x e^x dx = x^2 e^x - 2\\int x e^x dx \\end{align} For å løse det siste integralet, kan vi bruke delvis integrasjon enda en gang. Dette har vi allerede regnet ut i forrige eksempel. Vi får dermed: \\begin{align} \\int x^2 e^x \\ dx = x^2 e^x - 2 (x e^x - e^x) + C = \\underline{\\underline{(x^2 - 2x + 2)e^x}} \\end{align} Vi kan sjekke at dette er riktig ved å derivere funksjonsuttrykket: \\begin{align} \\frac{d}{dx}[(x^2-2x-1)e^x] = (2x-2)e^x + (x^2-2x+2)e^x = (2x - 2 + x^2 - 2x + 2)e^x = x^2e^x \\end{align}"", 'Nøkkelpoeng', 'Noen ganger må man bruke delvis integrasjon flere ganger for å komme frem til en løsning.', 'Oppgaver', 'Oppg. 1', ""Når man må bruke delvis integrasjon flere ganger, slik som i eksemplet over, er det viktig å gjøre et liknende valg for $u$ og $v'$ når man løser det opprinnelige integralet. Det som som var $u'$ og $v$, må nå velges som henholdsvis $u$ og $v'$ i det nye integralet."", ""Når vi løste $\\int x^2 e^x \\ dx$, valgte vi $u=x^2$ og $v'=e^x$. Vi endte da opp med integralet $2\\int x e^x$ på høyre side. Dette løste vi med å igjen velge $v' = e^x$ og $u$ lik polynomet (her $x$). Hva skjer dersom prøver å løse $\\int x^2 e^x \\ dx$ ved å ta et motsatt valg for $u$ og $v'$ på det andre integralet?"", 'Oppg. 2', ""der det andre integralet $\\int (u'\\cdot v) dx$ må løses ved delvis integrasjon. La $u_{\\textrm{ny}}$ $v_{\\textrm{ny}}'$ være valget for $u$ og $v'$ i integralet på høyre side. Vis at man alltid ender opp med $0=0$ dersom man velger $u_{\\textrm{ny}} = v$ og $v_{\\textrm{ny}}' = u'$.""]"
48f904d665f8392f083724a3cf25508ae7b11b74,b62ddfba0162aa4820df004d375f57cdfebd3c44,https://web01.usn.no/~knielsen/kompendier/flipped_math/integrasjon/delvis/eks2.html,https://web01.usn.no/~knielsen/kompendier/flipped_math/integrasjon/delvis/eks3.html,"['Eksempel 2', 'Regn ut $\\int \\ln x \\ dx$', 'Løsning', 'Ved første øyekast virker kanskje ikke dette som et sted hvor delvis integrasjon kan være nyttig, vi har tross alt bare èn funksjon og ikke et produkt av to funksjoner. Vi kan derimot ""late"" som at det er to funksjoner multiplisert sammen ved å ""multiplisere"" med tallet 1: \\begin{align} \\int \\ln x \\ dx = \\int 1\\cdot\\ln x \\ dx \\end{align} Dersom vi nå velger $u\'=1$ og $v=\\ln x$, får vi $u=x$ og $v\' = \\frac{1}{x}$ og: \\begin{align} \\int 1\\cdot\\ln x \\ dx &= x \\ln x - \\int x \\cdot \\frac{1}{x} dx \\\\ &= x \\ln x - \\int dx \\\\ &= \\underline{\\underline{x \\ln x - x + C}} \\end{align} Vi kan sjekke at dette er riktig ved å derivere resultatet: \\begin{align} \\frac{d}{dx}[x \\ln x - x + C] &= \\frac{d}{dx}(x \\ln x) - \\frac{d}{dx} x + \\frac{d}{dx} C \\\\ &= \\ln x + x \\cdot \\frac{1}{x} - 1 + 0 = \\ln x + 1 - 1 = \\ln x \\end{align}', 'Nøkkelpoeng', 'Eksempel der delvis integrasjon kan brukes selv om vi ikke har to funksjonsuttrykk.']","['Her kan det virke som vi ikke kommer noen vei siden vi bare endte opp med et nytt integral. Merk at dette integralet er akkurat det samme som det som står på venstresiden av likheten. Dersom vi flytter integralet på høyresiden over på venstresiden, får vi:']"
b703cec41fdb6637bad2f3036d7672adbb65edf1,7b3eabd796654a8ce06f8a1ddf4ebc26366fdd22,https://web01.usn.no/~knielsen/kompendier/flipped_math/folger/oppg/eks1_o3.html,https://web01.usn.no/~knielsen/kompendier/flipped_math/folger/oppg/eks2_o2.html,"['Vi har to ledd, $\\left|(-1)^{n+1}\\right|$ og $\\left| \\frac{n+1}{n^2} \\right|$. Det siste leddet består av kun positive tall, så dette vil aldri være negativt. Vi kan dermed bare droppe absoluttegnet og heller bare skrive $\\frac{n+1}{n^2}$. Det første leddet veksler mellom $-1$ og $1$ etterhvert som $n$ øker. Det eneste som skjer når vi tar absoluttverdien av dette, er at $-1$ blir til $1$. Med andre ord $|(-1)^{n+1}| = 1$. Vi har dermed $|a_n| = \\frac{n+1}{n^2}$ og:', 'Siden $\\lim_{n\\to\\infty}|a_n|=0$ sier teoremet at også $\\lim_{n\\to\\infty} a_n = 0$ og vi kan konkludere med at tallfølgen $\\{ a_n \\} = \\left\\{ (-1)^{n+1} \\dfrac{n+1}{n^2} \\right\\}$ konvergerer mot $0$.']","['Eksempel 2', 'Oppgave 3', 'tilfredstiller $0 < a_n \\leq 2$ og vis at den er avtagende. Bruk dette til å konkludere med at følgen konvergerer.', 'Løsning', 'Bevise avtagenhet', 'Vi starter med å bevise at følgen er avtagende. Vi må da vise at $a_{n+1}< a_n$ for alle $n$. Her vil induksjonsmetoden være gunstig. Hvis vi kan vise at $a_{k+2}< a_{k+1}$ dersom det finnes en $k$ slik at $a_{k+1}< a_{k}$, i tillegg til å vise at $a_2 < a_1$, så har vi bevist at følgen er avtagende.', 'Dette viser at $a_{k+2} < a_{k+1}$ dersom det gjelder for $a_{k+1} < a_{k}$. Tidligere viste vi at $a_2 < a_1$. Vi kan dermed påstå at $a_3 < a_2$, $a_4 < a_3$, osv. Med andre ord, $a_{n+1} < a_n$ for alle $n$. Følgen er avtagende.', 'Bevise begrensenhet', 'Siden vi har vist at følgen er avtagende, og $a_1 = 2$, har vi samtidig vist at $a_n \\leq 2$ for alle $n$. Det eneste som gjenstår er å bevist at $a_n > 0$ for alle $n$. Her trenger vi ikke bruke induksjonsmetoden. Vi kan ta en titt på $a_{n+1}$:', '\\begin{align*} a_{n+1} = \\frac{1}{3-a_{n}} \\end{align*}', 'Telleren er alltid positiv siden denne alltid er lik 1. Dersom nevneren også er alltid positiv, vil brøken som helhet være positiv og vi har at $a_n > 0$ for alle $n$. Den eneste måten for nevneren å bli negativ, er dersom $a_{n} > 3$, men vi har allerede bevist at følgen aldri blir større enn 2. Siden følgen aldri blir større enn 2, vil $3-a_{n}$ alltid være positiv. Vi har da at $a_{n+1}$ alltid er positiv for alle $n$, og dermed også $a_n$ siden vi allerede har vist det for $a_1$.', 'Vi kan dermed konkludere med at følgen er monoton og begrenset, og den vil dermed konvergere.', 'Konvergens', 'Anta at følgen konvergerer mot tallet $L$. Vi har da $\\displaystyle\\lim_{n\\to\\infty} a_n = L$ og da naturligvis også $\\displaystyle\\lim_{n\\to\\infty} a_{n+1} = L$. Dette gir oss:', 'Vi har to mulige løsninger, $\\frac{3-\\sqrt{5}}{2} \\approx 0.38$ og $\\frac{3+\\sqrt{5}}{2} \\approx 2.61$. Siden vi har vist at $a_n \\leq 2$, kan vi konkludere med at følgen konvergerer mot $L = \\underline{\\underline{\\frac{3-\\sqrt{5}}{2} \\approx 0.38}}$']"
b703cec41fdb6637bad2f3036d7672adbb65edf1,9ffa944f0ed0cd0f65b0f170bc25ee39bfd4d106,https://web01.usn.no/~knielsen/kompendier/flipped_math/folger/oppg/eks1_o3.html,https://web01.usn.no/~knielsen/kompendier/flipped_math/folger/oppg/eks2_o1.html,"['Vi har to ledd, $\\left|(-1)^{n+1}\\right|$ og $\\left| \\frac{n+1}{n^2} \\right|$. Det siste leddet består av kun positive tall, så dette vil aldri være negativt. Vi kan dermed bare droppe absoluttegnet og heller bare skrive $\\frac{n+1}{n^2}$. Det første leddet veksler mellom $-1$ og $1$ etterhvert som $n$ øker. Det eneste som skjer når vi tar absoluttverdien av dette, er at $-1$ blir til $1$. Med andre ord $|(-1)^{n+1}| = 1$. Vi har dermed $|a_n| = \\frac{n+1}{n^2}$ og:', 'Siden $\\lim_{n\\to\\infty}|a_n|=0$ sier teoremet at også $\\lim_{n\\to\\infty} a_n = 0$ og vi kan konkludere med at tallfølgen $\\{ a_n \\} = \\left\\{ (-1)^{n+1} \\dfrac{n+1}{n^2} \\right\\}$ konvergerer mot $0$.']","['Eksempel 2', 'Oppgave 1', 'La $P_n$ være en påstand som avhenger av et naturlig tall $n$. Anta at vi kan vise at:', '$P_i$ er sann, hvor $i$ er et naturlig tall.', 'Dersom det finnes et naturlig tall $k$ slik at $P_k$ er sann, så er $P_{k+1}$ også sann.', 'Forklar hvorfor vi med dette ikke kan påstå at $P_n$ er sann for $n < i$.', 'Løsning', 'Dersom vi klarer å vise påstand 2, har vi vist at dersom vi klarer å finne en $n$ hvor påstanden gjelder, så gjelder den også for den neste. I første påstand viser vi at at $P_n$ gjelder for $n=i$. Påstand 2 sier da at den også gjelder for den neste, altså $i+1$. Når vi har $i+1$, sier påstand 2 at den også gjelder for den neste, altså $i+2$. Og slik kan vi fortsette. La oss si at $i=3$. Da har vi bevist at påstanden $P_n$ gjelder for $n=3,4,5,6,7,...$. Problemet er at påstand 2 kun gir oss det neste leddet, men ikke tidligere ledd. Altså beviser vi at påstanden gjelder for $n=3$, vil påstand 2 gjøre at den også gjelder for alle ledd større enn 3. Men vi har ingen steder i induksjonsbeviset hvor det står at påstanden gjelder for $n< i$, her for $n=1$ og $n=2$.', ""Merk at dette betyr ikke at påstanden ikke gjelder for $n < i$, men vi kan ikke påstå at vi har bevist det utifra induksjonsmetoden. Dersom vi er interesserte i $n < i$, må vi velge $i$ til å være den laveste $n$'en vi er interesserte i. Påstand 2 i induksjonsbeviset gir oss da at $P_n$ gjelder for alle ledd høyere enn $i$.""]"
4a320e0d5e328dda995fe9627e340d2ec789cdf6,ea679845e1a48577ee0ee2afc0211065a208202f,https://web01.usn.no/~knielsen/kompendier/flipped_math/integrasjon/substitusjon/oppg/eks3_o2.html,https://web01.usn.no/~knielsen/kompendier/flipped_math/integrasjon/substitusjon/oppg/eks3_o1.html,"['Eksempel 3', 'Oppgave 2', 'Løs integralet $\\displaystyle \\int_1^2 \\frac{2x}{x^2+1} \\ dx$', 'Løsning', 'Vi har en sammensatt funksjon med $x^2+1$ som kjerne. I tillegg har vi $2x$ foran den sammensatte funksjonen. Dette er den deriverte av kjernen, så vi prøver substitusjon med $u = x^2 + 1$. Derivasjon av $u$ gir:', '\\begin{align*} \\frac{du}{dx} &= 2x \\\\ du &= 2x \\ dx \\end{align*}', 'Vi erstatter $x^2+1$ med $u$ og $2x \\ dx$ med $du$. Siden vi har et bestemt integral, må vi også oppdatere integrasjonsgrensene. Når $x=1$ har vi $u = 1^2 + 1 = 2$. Nå $x=2$ har vi $u = 2^2 + 1 = 5$. Integralet blir dermed:']","['Løsning', 'Må vi huske på at det er $x$ som skal integreres fra 1 til 2. Gjør vi et variabelskifte, f.eks. $u = x^2$, blir det opprinnelige integralet konvertert til integralet:', '\\begin{align*} \\int_a^b e^{u} du \\end{align*}', 'Dersom vi ikke endra på integrasjonsgrensene, så blir det som om vi skulle integrert funksjonen der vi bare bytte ut $u$ med $x$:', '\\begin{align*} \\int_1^2 e^{x} dx \\end{align*}', 'Dette gir ikke det samme svaret som det opprinnelige integralet, rett og slett fordi $2xe^{x^2}$ er en ganske annerledes funksjon enn $e^x$. Vi må derfor oppdatere integrasjonsgrensene slik at verdien av det nye integralet blir lik verdien av det opprinnelige. Dette gjør vi ved å se hva $u$ er lik for $x$ verdiene av integrasjonsgrensene. Siden $u = u(x) = x^2$ dette eksemplet får vi $u(1) = 1^2 = 1$ og $u(2) = 2^2 = 4$. For at verdien av integralet skal være det samme etter substitusjonen måtte vi her brukt grensene $1$ og $4$ istendenfor $1$ og $2$. Med andre ord:']"
4a320e0d5e328dda995fe9627e340d2ec789cdf6,049d0ce9ca7d8310b58a7972dce34c33048c8816,https://web01.usn.no/~knielsen/kompendier/flipped_math/integrasjon/substitusjon/oppg/eks3_o2.html,https://web01.usn.no/~knielsen/kompendier/flipped_math/integrasjon/substitusjon/oppg/eks1_o1.html,"['Eksempel 3', 'Oppgave 2', 'Løs integralet $\\displaystyle \\int_1^2 \\frac{2x}{x^2+1} \\ dx$', 'Løsning', 'Vi har en sammensatt funksjon med $x^2+1$ som kjerne. I tillegg har vi $2x$ foran den sammensatte funksjonen. Dette er den deriverte av kjernen, så vi prøver substitusjon med $u = x^2 + 1$. Derivasjon av $u$ gir:', '\\begin{align*} \\frac{du}{dx} &= 2x \\\\ du &= 2x \\ dx \\end{align*}', 'Vi erstatter $x^2+1$ med $u$ og $2x \\ dx$ med $du$. Siden vi har et bestemt integral, må vi også oppdatere integrasjonsgrensene. Når $x=1$ har vi $u = 1^2 + 1 = 2$. Nå $x=2$ har vi $u = 2^2 + 1 = 5$. Integralet blir dermed:']","['Eksempel 1', 'Oppgave 1', 'Løs integralet $\\displaystyle \\int \\dfrac{x}{x^2+1} \\ dx$', 'Løsning', 'Her har vi en sammensatt funksjon med $x^2+1$ i nevner som kjerne. I tillegg har vi $x$ i teller. Dette er ikke helt likt den deriverte av kjernen, $\\frac{d}{dx}(x^2+1) = 2x$. Men siden det eneste som skiller den deriverte $2x$ fra telleren $x$ er faktoren $2$ prøver vi likevel variabelskiftet $u = x^2+1$. Den deriverte av $u$ gir:']"
0faff840ac0c2a60615f9566ffde9ba1fbbd1b33,5fd623ccdc2ff2b02305ed1ecb9cef89c1a9e6a0,https://www.usn.no/forskning/forskningsgrupper-og-senter/barnehage-skole-og-hoyere-utdanning/matematikkdidaktikk/vimte/,https://www.usn.no/forskning/forskningsgrupper-og-senter/barnehage-skole-og-hoyere-utdanning/matematikkdidaktikk/,"['ViMTE-prosjektet', 'FNs berekraftsmål (2021) oppmodar til handling for å takle globale menneskelege og ikkje-menneskelege utfordringar, fred og rettferd. Basert på denne oppmodinga, krev Udir (2020) at dei tverrfaglege verdiane etisk medvit, menneskeleg verdigheit og demokratisk deltaking skal inkluderast i alle skulefag.', 'Prosjektet ViMTE forskar på den medvitne og eksplisitte integreringa av menneskerettsverdiar i norske matematikklærarutdanningsprogram og dermed i praksisen til framtidige matematikklærarar på skular.', 'Den eksplisitte integreringa av verdiar (spesifikt: etisk medvit, menneskeleg verdigheit og demokratisk deltaking) er eit krav i den norske læreplanen (Udir, 2020). Desse verdiane har tidlegare ikkje vorte adresserte i matematikklærarutdanningsprogram i Noreg.', 'ViMTE har som hovudmål å utvikle nye innsikter for å styrkje kompetansen til ungdom, lærerutdannere og lærarstudentar for å integrere desse verdiane i matematikkundervisning og læring. For å oppnå dette målet vil det vere behov for teoretisk og metodologisk innovasjon basert på konsept frå matematikkdidaktikk og menneskerettsundervisning.', 'I ei deltakande forskingstilnærming vil vi invitere ungdomsskuleelevar i 5.-10. klasse til å samarbeide med forskarar, lærerutdannere og lærarstudentar ved to universitet for å forstå korleis eksisterande praksis støttar og hindrar integreringa av verdiane i matematikklærarutdanningsprogram, og for å utvikle nye praksisar.', 'Innanfor ein breiare samfunnsdagsorden vil ViMTE klargjere samspelet mellom læring av matematikk og overordna kunnskap basert på verdiar som overskrid faglege grenser og som er nødvendig for å bidra til eit meir sosialt berekraftig samfunn og arbeidsliv.']","['I dette prosjektet samarbeider matematikkdidaktikere ved USN, Høgskolen på Vestlandet (HVL) og Universitetet i Cape Town (UWC) om å utforme forskningsbaserte verktøykasser (toolkits) til undervisning i matematikk innenfor samfunnsrelaterte temaer.', 'Prosjektet er finansiert gjennom UTFORSK-programmet til Direktoratet for høyere utdanning og kompetanse (HK-dir).', 'I dette prosjektet undersøker forskningsmiljøer ved USN, UiT Norges arktiske universitet, Michigan State University (USA) og University of New Brunswick (Canada) hvordan ulike språk og kulturer kan hindre, støtte eller utfordre læring i matematikkfaget.', 'MIM-Posjektet er finansiert gjennom FINNUT-programmet til Norges forskningsråd (NFR).', 'In this project researchers from USN, University of Bristol, University of Ottowa collaborate to study the impact of student migration on mathematics learning from the perspectives of students and teachers.', 'The MSC-project is supportd by the Social Sciences and Humanities Research Council of Canada.', 'Social and political issues in mathematics education: a participatory research with secondary school teachers (SPME)']"
42bf26062ecd1e058583b7fcc8acc479480c3b7e,aa8a74e908aed6fe91dd4a8c93d7b1ed94da7cbd,https://web01.usn.no/~knielsen/kompendier/flipped_math/rekker/oppg/intro_o4.html,https://web01.usn.no/~knielsen/kompendier/flipped_math/rekker/oppg/intro_o2.html,"['Oppgave 4', 'Løsning', 'Vi må prøve å finne et mønster i nevnerene i hvert ledd, $3,9,27,...$. Vi ser at $9 = 3^2$ og at $27=3^3$. Ved å bruke at $3=3^1$ og at tallet 1 kan tenkes som $1 = \\frac{1}{1} = \\frac{1}{3^0}$ , kan vi skrive følgen som:']","['Rekker', 'Oppgave 2', 'Finn summen til rekken $\\displaystyle \\sum_{i=0}^{2}\\dfrac{i-1}{i^2+1}$.', 'Løsning', 'Her har vi brukt $i$ som ""tellevariabel"" istedenfor $n$ (dette står spesifisert under summetegnet). Vi starter med å sette $i=0$ og legge sammen alle ledd hvor vi for hvert ledd øker $i$ med $1$ helt til vi kommer til og med $i=2$:']"
42bf26062ecd1e058583b7fcc8acc479480c3b7e,7360e3e276d460eb5df65bf72d91a66436f38a05,https://web01.usn.no/~knielsen/kompendier/flipped_math/rekker/oppg/intro_o4.html,https://web01.usn.no/~knielsen/kompendier/flipped_math/rekker/oppg/intro_o6.html,"['Oppgave 4', 'Løsning', 'Vi må prøve å finne et mønster i nevnerene i hvert ledd, $3,9,27,...$. Vi ser at $9 = 3^2$ og at $27=3^3$. Ved å bruke at $3=3^1$ og at tallet 1 kan tenkes som $1 = \\frac{1}{1} = \\frac{1}{3^0}$ , kan vi skrive følgen som:']","['Med andre ord; vi får at rekkens sum både er 0 og 1, som bare kan bety at 0=1. Kom med en forklaring på dette paradokset.', 'Løsning', 'Problemet er at vi gjør feil når vi sier at summen av rekken er 0 eller 1. Ser vi på delsummene $S_N$ vil disse veksle mellom å være lik 1 og 0. Følgen $\\{S_N\\}$ divergerer, som betyr at rekken selv divergerer. Rekken har ingen definert sum. Å si at', 'gir ikke mening. Hva summen av rekken er avhenger av når vi ""stopper"". Skulle vi stoppe på $n=1,3,5,...$ vil summen være 1, mens den vil være $0$ dersom vi stopper på $n=2,4,6,...$. Dersom vi aldri stopper, dvs. vi har en uendelig rekke, er ikke summen definert og vi kan heller ikke påstå at summen er lik 0 (eller 1). Argumentet vårt er ugyldig.']"
42bf26062ecd1e058583b7fcc8acc479480c3b7e,ea9dcfbc51842beaddc20f8b86f8570bf8b102d7,https://web01.usn.no/~knielsen/kompendier/flipped_math/rekker/oppg/intro_o4.html,https://web01.usn.no/~knielsen/kompendier/flipped_math/rekker/oppg/intro_o3.html,"['Oppgave 4', 'Løsning', 'Vi må prøve å finne et mønster i nevnerene i hvert ledd, $3,9,27,...$. Vi ser at $9 = 3^2$ og at $27=3^3$. Ved å bruke at $3=3^1$ og at tallet 1 kan tenkes som $1 = \\frac{1}{1} = \\frac{1}{3^0}$ , kan vi skrive følgen som:']","['Løsning', 'a)', 'Det er ingen forskjell. Rekkene som summetegnet representerer er identiske. Eneste forskjell er bare hva vi kaller ""tellevariabelen"". I første eksemplet kaller vi den $n$ mens i andre eksemplet kaller vi den $i$. I begge tilfeller starter $n$ eller $i$ på 1 og øker med 1 helt til vi kommer til tallet $N$. F.eks.:', 'I begge tilfeller over ser vi at rekkene er identiske, dvs. identiske tall som legges sammen.', 'b)', 'Her er det stor forskjell. I begge tilfeller er det $n$ som er tellevariabel. I summetegnet står det i begge tilfeller at $n$ skal starte på 1 og øke med 1 helt til vi når $N$. Problemet er at vi har et allment ledd som avhenger av $n$ i den første summen, $a_n$, mens det allmenne leddet avhenger av $i$ i den andre summen, $a_i$. Siden det er spesifisert i summetegnet at det er $n$ som er tellevariabel, vil $i$ bare stå der uten å endre seg. F.eks.:', 'I den andre summen står det at vi skal la $n$ starte på 1 og legge sammen hvert leddd hvor vi øker $n$ med 1. Problemet er at det ikke står noen $n$ i det allmenne leddet, så alle ledd vi skal legge sammen blir like. Tallet $i$ blir da å betrakte som en konstant. Dette blir lettere å se dersom vi lar $n$ være tellevariabelen, men der vi har en blanding av $n$ og $i$ i det allmenne leddet:', 'Når man jobber med rekker, spiller det ingen rolle hva vi kaller ""tellevariabelen"" vår, altså tallet vi skal hele tiden øke med 1. Men vi må i tillegg være oppmerksom på hva som er tellevariabeler og hva som er konstanter. Tellevariabelen er alltid det symbolet som står under summetegnet.', 'Noen ganger vil man ikke spesifisere hva tellevariabelen skal starte og stoppe på. F.eks. i fysikk er det vanlig å se summer ala $\\sum_n F_n$ eller bare $\\sum F$. Her er det da underforstått at vi mener ""legg sammen alle $F$\'er"". Hva som menes med ""alle F\'er"" vil da være avhengig av hvilken fysisk situasjon vi ser på. Newtons andre lov skriver man f.eks. ofte som $\\sum F = ma$, hvor $F$ representerer kraft, $m$ representerer masse og $a$ akselerasjon. Her betyr det ""summen av alle krefter som virker på en gjenstand er lik gjenstandens masse multiplisert med gjenstandens akselerasjon"".']"
42bf26062ecd1e058583b7fcc8acc479480c3b7e,aae023922414b6ca669a9d0a70f4345d30c0140e,https://web01.usn.no/~knielsen/kompendier/flipped_math/rekker/oppg/intro_o4.html,https://web01.usn.no/~knielsen/kompendier/flipped_math/rekker/oppg/intro_o5.html,"['Oppgave 4', 'Løsning', 'Vi må prøve å finne et mønster i nevnerene i hvert ledd, $3,9,27,...$. Vi ser at $9 = 3^2$ og at $27=3^3$. Ved å bruke at $3=3^1$ og at tallet 1 kan tenkes som $1 = \\frac{1}{1} = \\frac{1}{3^0}$ , kan vi skrive følgen som:']","['Rekker', 'Oppgave 5', 'Det kan være fristende å tenke at summen av en rekke $\\sum_{n=1}^{\\infty}a_n$ blir det samme som grenseverdien til det allmenne leddet $a_n$, eller i hvertfall at rekken konvergerer dersom $\\displaystyle \\lim_{n\\to\\infty}a_n$ eksisterer. Forklar hvorfor dette ikke nødvendigvis stemmer.', 'Løsning', 'Når vi tar $\\displaystyle \\lim_{n\\to\\infty}a_n$ får vi bare hva leddene vi skal legge sammen går mot og ikke hva summen av disse leddene går mot. Ta f.eks. rekken', 'Grenseverdien av det allmenne leddet blir $\\displaystyle \\lim_{n\\to\\infty} \\frac{n}{n+1} = 1$. Med andre ord: etterhvert som $n$ blir større og større, legger vi sammen tall som blir mer og mer lik tallet 1. En sum av uendelig mange tall som er nær lik 1 vil gå mot uendelig. Så selv om $a_n$ konvergerer mot tallet 1, vil summen av $a_n$-leddene divergere. Dette vil faktisk skje så lenge $\\displaystyle \\lim_{n\\to\\infty} a_n \\neq 0$. Dersom $a_n$ konvergerer mot et tall utenom 0, vil vi få samme problemet med at vi legger sammen uendelig mange nesten like tall. En slik rekke vil divergere.', 'Rekken vil også divergere dersom $\\displaystyle \\lim_{n\\to\\infty} a_n$ ikke eksisterer. Går $a_n$ mot $\\pm \\infty$ er dette opplagt; vi legger sammen tall som går mot uendelig. Vi får også divergens i tilfeller ala $a_n = (-1)^{n+1}$. Delsummene $S_N$ vil da stå å veksle mellom 1 og 0. Følgen $\\{S_N \\}$ vil da per definisjon divergere, som igjen betyr at rekken divergerer per definisjon.', 'Merk: dette betyr ikke nødvendigvis at rekken konvergerer dersom $\\displaystyle \\lim_{n\\to\\infty} a_n = 0$. Rekken $\\displaystyle \\sum_{n=1}^{\\infty}\\frac{1}{n}$ er et eksempel på en rekke hvor $\\displaystyle \\lim_{n\\to\\infty} a_n = 0$, men der rekken selv divergerer.']"
46f4676bb3bade48a4fda5b195662a915e5b0403,ea679845e1a48577ee0ee2afc0211065a208202f,https://web01.usn.no/~knielsen/kompendier/flipped_math/integrasjon/substitusjon/oppg/eks2_o1.html,https://web01.usn.no/~knielsen/kompendier/flipped_math/integrasjon/substitusjon/oppg/eks3_o1.html,"['\\begin{align*} \\int \\sin x \\cos x \\ dx = -\\int u \\ du = -\\frac{1}{2}u^2 + C = -\\frac{1}{2}\\cos^2 x + C \\end{align*}', 'som viser at $-\\frac{1}{2}\\cos^2 x$ er en antiderivert av $\\sin x \\cos x$.', 'Tillegspørsmålet', 'Nei, det betyr ikke at $\\frac{1}{2}\\sin^2 x = -\\frac{1}{2}\\cos^2 $. Vi vet at to antideriverte kan skille hverandre med en konstant. Dette er grunnen til at vi putter på en $C$ etter et ubestemt integral. La oss skrive den ene antideriverte som', '\\begin{align*} \\frac{1}{2}\\sin^2 x + C \\end{align*}', 'hvor $C$ er en konstant. La oss sette de antideriverte lik hverandre for å se om vi kan finne en verdi for $C$:']","['Løsning', 'Må vi huske på at det er $x$ som skal integreres fra 1 til 2. Gjør vi et variabelskifte, f.eks. $u = x^2$, blir det opprinnelige integralet konvertert til integralet:', '\\begin{align*} \\int_a^b e^{u} du \\end{align*}', 'Dersom vi ikke endra på integrasjonsgrensene, så blir det som om vi skulle integrert funksjonen der vi bare bytte ut $u$ med $x$:', '\\begin{align*} \\int_1^2 e^{x} dx \\end{align*}', 'Dette gir ikke det samme svaret som det opprinnelige integralet, rett og slett fordi $2xe^{x^2}$ er en ganske annerledes funksjon enn $e^x$. Vi må derfor oppdatere integrasjonsgrensene slik at verdien av det nye integralet blir lik verdien av det opprinnelige. Dette gjør vi ved å se hva $u$ er lik for $x$ verdiene av integrasjonsgrensene. Siden $u = u(x) = x^2$ dette eksemplet får vi $u(1) = 1^2 = 1$ og $u(2) = 2^2 = 4$. For at verdien av integralet skal være det samme etter substitusjonen måtte vi her brukt grensene $1$ og $4$ istendenfor $1$ og $2$. Med andre ord:']"
46f4676bb3bade48a4fda5b195662a915e5b0403,049d0ce9ca7d8310b58a7972dce34c33048c8816,https://web01.usn.no/~knielsen/kompendier/flipped_math/integrasjon/substitusjon/oppg/eks2_o1.html,https://web01.usn.no/~knielsen/kompendier/flipped_math/integrasjon/substitusjon/oppg/eks1_o1.html,"['\\begin{align*} \\int \\sin x \\cos x \\ dx = -\\int u \\ du = -\\frac{1}{2}u^2 + C = -\\frac{1}{2}\\cos^2 x + C \\end{align*}', 'som viser at $-\\frac{1}{2}\\cos^2 x$ er en antiderivert av $\\sin x \\cos x$.', 'Tillegspørsmålet', 'Nei, det betyr ikke at $\\frac{1}{2}\\sin^2 x = -\\frac{1}{2}\\cos^2 $. Vi vet at to antideriverte kan skille hverandre med en konstant. Dette er grunnen til at vi putter på en $C$ etter et ubestemt integral. La oss skrive den ene antideriverte som', '\\begin{align*} \\frac{1}{2}\\sin^2 x + C \\end{align*}', 'hvor $C$ er en konstant. La oss sette de antideriverte lik hverandre for å se om vi kan finne en verdi for $C$:']","['Eksempel 1', 'Oppgave 1', 'Løs integralet $\\displaystyle \\int \\dfrac{x}{x^2+1} \\ dx$', 'Løsning', 'Her har vi en sammensatt funksjon med $x^2+1$ i nevner som kjerne. I tillegg har vi $x$ i teller. Dette er ikke helt likt den deriverte av kjernen, $\\frac{d}{dx}(x^2+1) = 2x$. Men siden det eneste som skiller den deriverte $2x$ fra telleren $x$ er faktoren $2$ prøver vi likevel variabelskiftet $u = x^2+1$. Den deriverte av $u$ gir:']"
bb8f9d64ca826a640506b6027be5f274469089b3,a92ad16573f3c30286dc00391de9d0324cf83690,https://www.usn.no/forskning/forskningsgrupper-og-senter/tradisjonskunst-og-praktisk-estetiske-fag/praksis-tradisjon-og-teknologi/tune/,https://www.usn.no/forskning/forskningsgrupper-og-senter/tradisjonskunst-og-praktisk-estetiske-fag/praksis-tradisjon-og-teknologi/,"['Prosjektet er eit samarbeid som involverer høgare musikkutdanningsinstitusjonar i fire andre europeiske land i tillegg til institutt for tradisjonskunst og folkemusikk ved USN på Rauland, som er koordinator for prosjektet.', 'Felles bacheloremne i folkemusikk', 'Dette treårige prosjektet har ein ambisjon om å utvikle eit felles bacheloremne i folkemusikk basert på blanda mobilitet, altså ein kombinasjon av kortare fysisk mobilitet med ein obligatorisk virtuell komponent.', 'Målet er å auke kompetansen og medvitet til studentane omkring identitet og kulturarv i eit europeisk perspektiv.', 'Vi freistar å omfamne det lokalt forankra, samtidig som vi overskrid det, med sikte på å introdusere studentar og fakultet til mangfaldet av tradisjonell musikk i Europa, samtidig som vi overfører vår eigen tradisjonskultur til andre.', 'Profesjonell formidling', 'Gjennom nettverksbygginga, som inneber erfaring med profesjonell formidling og utvikling av digitale evner, vil studentane òg bli betre førebudd på yrkeslivet.', 'I opplegget inngår «intensive veker», der studentane kvart semester kan møtast fysisk på dei ulike studiestadene og halde konsertar og verkstad saman. Den første av desse treffa blir i Hellas våren 2022.', 'Våren 2023 planlegg vi at studentar og lærarar frå dei fem institusjonane skal møtast under den årlege Rauland internasjonale vinterfestival. Representantar frå partnarinstitusjonane deltok på scena under vinterfestivalen 2022, for å markere avsparket for prosjektet.']","['Denne forskningsgruppen tar for seg tradisjonskunst og relaterte områder med fokus på hvordan tradisjonsprosesser både formes av og former bruk av teknologi.', 'Forskningen omfatter kunstnerisk forskning med fokus på mulighetsbetingelser i forholdet mellom materialer, produksjonsteknologier og handlingsbåren kunnskap, samt mer overgripende teoretiske perspektiver på gjensidigheten mellom teknologi, estetisk praksis og identitetsprosesser.', 'Hva forsker vi på?', 'Tradisjonsbegrepet assosieres ofte med bevaring av kulturelementer fra fortiden. Men i like stor grad handler tradisjon om videreføring, endring og bruk i samtiden; om hvordan kunnskap og ferdigheter overføres og preges av overføringen. På tilsvarende måte blir forholdet mellom kulturelle uttrykk og ny teknologi gjerne omtalt i termer av årsak-virkning-sammenhenger og assosiert med noe som bryter med tradisjonen. Dette kan føre til at viktige kontinuiteter i kulturelle praksiser og tankemåter overses. På denne bakgrunnen søker prosjektet ny innsikt i det dynamiske forholdet mellom tradisjon som prosess og teknologisk praksis.', 'Teknologi/teknologisk praksis er her bredt definert og omfatter tradisjonskunstens teknologiske og materielle forutsetninger (produksjons- og distribusjonsteknologi) så vel som de teknikker/praksiser som medierer mellom idé, uttrykk og representasjon (spille-/syngeteknikk, handverkskunnskap, formidlingsmedium). Til dette hører følgelig også et læringsperspektiv hvor læring forstås både som praksis, pedagogikk og som kunnskapsteoretisk premiss i studiet av teknologiske og estetiske prosesser.', 'Forskningsdisipliner', 'Forskningsgruppen har en utpreget tverrfaglig tilnærming og baseres på to hovedsøyler:', 'Musikkvitenskapelig forskning med vekt på sammenhengen mellom teknologi, lærings- og praksisformer og tradisjonsprosesser.', 'Tradisjonskunstforskning med vekt på design, materialitet og didaktikk i et teknologisk perspektiv.', 'Synergier mellom disse hovedsøyler og undertemaer etterstrebes, og forskningen tar i bruk et bredt tilfang av metoder og innfallsvinkler, inkludert kunstnerisk/praksisorientert forskning, etnografi/intervjuer, historiografi, diskursanalyse, rytme-/soundstudier og fremføringsanalyse.', 'Samarbeidspartnere og nettverk', 'Moholy-Nagy University of Arts and Design, Budapest (gjennom prosjektet Future Traditions)', 'Pågående og planlagt forskning', 'Dette er et interdisiplinært samarbeid mellom forskere, lærere og handverkere/kunstnere/designere fra Norge og Ungarn og drives fram i samarbeid med Moholy-Nagy University of Arts and Design (Budapest)', 'Prosjektet undersøker mulighetsbetingelsene i refortolkninger av folkekunstens rike arv innen ornamenter med et mål om å aktualisere det dynamiske og samtidsrelevante i tradisjonelle uttrykksformer.', 'En annen målsetting er å utvikle nye undervisnings- og forskningsmetoder gjennom å kombinere og integrere state-of-the-art teknologi med tradisjonelle handverksteknikker innen tekstil, tre og metall.', 'Prosjektet er også et ledd i å etablere et langsiktig samarbeid mellom de involverte institusjoner.', 'Prosjektet vil undersøke hvordan endringer på musikkfeltet speiler mer generelle samfunnsendringer.', 'Det samlende perspektivet handler om eierskap til og definisjonsmakt over kulturelle resurser i en tid hvor mange etablerte institusjoner er i ferd med å spille ut sin rolle.', 'Utgangspunktet er hvordan musikk i alt større grad skapes, forstås og vurderes gjennom ulike delingskulturer som opererer på tvers av kulturelle grenser og arbeidsdelinger. Denne utviklingen henger tett sammen med teknologiske forhold, da spesielt bruken av interaktive medier, og blir i prosjektet en plattform for å reflektere over fremveksten av nye tankeregimer og kulturelle ordninger på samfunnsnivå.', 'Kunstnerisk utviklingsarbeid med fokus på designprosesser og materialitet (Bodil Akselvoll, Mari Rorgemoen, Arne Magnus Johnsrød); praksisorientert forskning på handverkspraksiser og bærekraftig utvikling (Veronika Glitsch); didaktisk forskning med fokus på lærings- og traderingspraksiser (Mari Rorgemoen, Ragnhild Knudsen); teoretisk-empiriske studier av forholdet mellom teknologi og estetisk praksis (Tellef Kvifte, Ånon Egeland, Benjamin Rygh, Mats Johansson).', 'Analyse av kildemateriale som fortolkende praksis: studier av eldre musikkopptak og notenedskrifter med fokus på spørsmål kring stil, tolkning, variantdannelse, samt muligheter og begrensninger i transkripsjons-/representasjonsteknologi.']"
ff40992a778110e4a4fe4485a16281a88dbe10d8,0f1de852264bf92b54f5b735c5772dc63decf80a,https://web01.usn.no/~knielsen/kompendier/flipped_math/rekker/geometrisk_eks1.html,https://web01.usn.no/~knielsen/kompendier/flipped_math/rekker/geometrisk_eks2.html,"['Geometriske rekker - eksempel 1', 'Oppgave a)', 'Oppgave b) (ca. 2.35)', '$\\displaystyle \\pi - e + \\frac{e^2}{\\pi} - \\frac{e^3}{\\pi^2} + ...$', 'Løsning', 'Oppgave a)', 'Vi starter med å skrive om uttrykket for å få det til å likne mer på det generelle uttrykket for en geometrisk rekke, $\\sum_{n=1}^{\\infty}a r^n$. Dette vil gjøre det lettere å finne verdien til $a$ og $r$:', 'I det siste steget faktoriserte vi ut en $\\frac{1}{2}$. Sammenlikner vi dette med det generelle uttrykket, ser vi at $a=\\frac{1}{2}$ og $r=\\frac{1}{2}$. Siden $|r|< 1$ kan vi konkludere med at rekken konvergerer og har sum:', 'Oppgave b)', 'Vi undersøker først om dette er en geometrisk rekke. En geometrisk rekke er en rekke hvor hvert ledd multipliseres med kvotienten $r$:', '\\begin{align*} a + ar + ar^2 + ar^3 + ... \\end{align*}', 'Tar vi et ledd og deler på leddet som kom før, vil vi da alltid stå igjen kvotienten $r$; $\\frac{ar}{a} = r$, $\\frac{ar^2}{ar} = r$, $\\frac{ar^3}{ar^2} = r$, osv. Gjør vi det samme på vår rekke, får vi: $\\frac{-e}{\\pi}$, $\\frac{e^2/\\pi}{-e} = \\frac{-e}{\\pi}$, $\\frac{-e^3/\\pi^3}{e^2/\\pi} = \\frac{-e}{\\pi}$, osv. Dersom rekken er geometrisk, er det tydelig at vi har $r=-\\frac{e}{\\pi}$. Siden $a$ er det første leddet i rekken, får vi $a=\\pi$. Vi kan sjekke at dette stemmer ved å sette opp et uttrykk for den geometriske rekken og sjekke at leddene blir det samme som vår rekke:']","['Oppgave b) (ca. 4.36)', 'Løsning', 'Oppgave a)', 'Det allmenne leddet i rekken består av et mer komplisert uttrykk enn vi har sett tidligere. For å vurdere hva vi kan gjøre med dette uttrykket, trenger vi noen regneregler:', 'Regneregler for rekker', 'La $\\displaystyle \\sum_{n=1}^{\\infty}a_n$ og $\\displaystyle \\sum_{n=1}^{\\infty}b_n$ være to konvergente rekker, og la $c$ våre en konstant. Da vil også $\\displaystyle \\sum_{n=1}^{\\infty}(a_n+b_n)$, $\\displaystyle \\sum_{n=1}^{\\infty}(a_n-b_n)$ og $\\displaystyle \\sum_{n=1}^{\\infty}(c a_n)$ konvergere og vi har:', 'Her brukte vi den første regelen i den andre overgangen i første linje. Siden tallverdien av kvotienten er mindre enn 1 i hver rekke (1/3 i den første og 2/3 i den andre), vil begge rekker konvergere og summen er dermed:']"
ff40992a778110e4a4fe4485a16281a88dbe10d8,afd0cd7e01d37aad396ee5adbb4752562c1a1686,https://web01.usn.no/~knielsen/kompendier/flipped_math/rekker/geometrisk_eks1.html,https://web01.usn.no/~knielsen/kompendier/flipped_math/rekker/geometrisk_eks3.html,"['Geometriske rekker - eksempel 1', 'Oppgave a)', 'Oppgave b) (ca. 2.35)', '$\\displaystyle \\pi - e + \\frac{e^2}{\\pi} - \\frac{e^3}{\\pi^2} + ...$', 'Løsning', 'Oppgave a)', 'Vi starter med å skrive om uttrykket for å få det til å likne mer på det generelle uttrykket for en geometrisk rekke, $\\sum_{n=1}^{\\infty}a r^n$. Dette vil gjøre det lettere å finne verdien til $a$ og $r$:', 'I det siste steget faktoriserte vi ut en $\\frac{1}{2}$. Sammenlikner vi dette med det generelle uttrykket, ser vi at $a=\\frac{1}{2}$ og $r=\\frac{1}{2}$. Siden $|r|< 1$ kan vi konkludere med at rekken konvergerer og har sum:', 'Oppgave b)', 'Vi undersøker først om dette er en geometrisk rekke. En geometrisk rekke er en rekke hvor hvert ledd multipliseres med kvotienten $r$:', '\\begin{align*} a + ar + ar^2 + ar^3 + ... \\end{align*}', 'Tar vi et ledd og deler på leddet som kom før, vil vi da alltid stå igjen kvotienten $r$; $\\frac{ar}{a} = r$, $\\frac{ar^2}{ar} = r$, $\\frac{ar^3}{ar^2} = r$, osv. Gjør vi det samme på vår rekke, får vi: $\\frac{-e}{\\pi}$, $\\frac{e^2/\\pi}{-e} = \\frac{-e}{\\pi}$, $\\frac{-e^3/\\pi^3}{e^2/\\pi} = \\frac{-e}{\\pi}$, osv. Dersom rekken er geometrisk, er det tydelig at vi har $r=-\\frac{e}{\\pi}$. Siden $a$ er det første leddet i rekken, får vi $a=\\pi$. Vi kan sjekke at dette stemmer ved å sette opp et uttrykk for den geometriske rekken og sjekke at leddene blir det samme som vår rekke:']","['Oppgaver', 'Oppg. 1', 'Oppg. 2', 'De fleste har lite problemer med å godta at $\\dfrac{1}{3} = 0.333...$, men veldig mange sliter med å godta at $1 = 0.999...$, selv om disse to er konseptuelt ganske like. Kan du tenke deg mulige forklaringer på dette?']"
