nno_doc_hash,eng_doc_hash,nno_url,eng_url,nno_fulltext,eng_fulltext
5ee8ae4d7ab99fb303030cf78a99a351602e22ee,7ab4eea0ca5a500b9ba37e6df6ab7a51704df0b8,https://www.digitalarkivet.no/nn/actors/487/terje-christoffersen/transcriptions,https://www.digitalarkivet.no/en/actors/487/terje-christoffersen/transcriptions,"['Terje Christoffersen', 'Lukk Informasjon om informasjonskapslar (cookies) Arkivverket brukar cookies (informasjonskapslar) på sine nettsider for å levere ei betre teneste. Dei brukast til mellom anna skjemaoppdateringar og innlogging. Bruk sida som normalt, eller lukk informasjonsboksen for å akseptere bruk av cookies. Les meir om korleis du styrer informasjonskapslar (cookies)']","['Terje Christoffersen', 'Close Information concerning cookies The National Archives use cookies to improve services for our users. The cookie usage include form updates and login. Continue to browse as normal or close this information box to agree to our use of cookies. More information on how to manage cookies.']"
23380f3f6935f3361a422c06b22179734b1cb014,bf8f006df288a23603e14d87fff1abff0e57c492,https://www.digitalarkivet.no/nn/actors/279/john-herstad,https://www.digitalarkivet.no/en/actors/279/john-herstad,"['John Herstad', 'Nøkkelinformasjon', 'Kontaktinformasjon', 'E-post:', '-', 'Lukk Informasjon om informasjonskapslar (cookies) Arkivverket brukar cookies (informasjonskapslar) på sine nettsider for å levere ei betre teneste. Dei brukast til mellom anna skjemaoppdateringar og innlogging. Bruk sida som normalt, eller lukk informasjonsboksen for å akseptere bruk av cookies. Les meir om korleis du styrer informasjonskapslar (cookies)']","['John Herstad', 'Key information', 'Contact information', 'Email:', '-', 'Close Information concerning cookies The National Archives use cookies to improve services for our users. The cookie usage include form updates and login. Continue to browse as normal or close this information box to agree to our use of cookies. More information on how to manage cookies.']"
27120c882a4895f1ea45fea3e206164ceec5215d,256952c3fb6a23285b2524fc69932c83017906e9,https://www.digitalarkivet.no/nn/actors/301/kevin-questad,https://www.digitalarkivet.no/en/actors/301/kevin-questad,"['Kontaktinformasjon', 'Om Kevin Questad', 'Lukk Informasjon om informasjonskapslar (cookies) Arkivverket brukar cookies (informasjonskapslar) på sine nettsider for å levere ei betre teneste. Dei brukast til mellom anna skjemaoppdateringar og innlogging. Bruk sida som normalt, eller lukk informasjonsboksen for å akseptere bruk av cookies. Les meir om korleis du styrer informasjonskapslar (cookies)']","['About Kevin Questad', 'Close Information concerning cookies The National Archives use cookies to improve services for our users. The cookie usage include form updates and login. Continue to browse as normal or close this information box to agree to our use of cookies. More information on how to manage cookies.']"
ba46a687866027ad852ea9a0b889c92c37e7a74f,bc030ab4aeffaf85493805de263f31b67491061b,https://www.digitalarkivet.no/nn/content/about-da,https://www.digitalarkivet.no/en/content/about-da,"['Forkortingar i søkbare folketeljingar Registreringsstandard for folketeljingar, HISTFORM, har etablert eit felles sett med forkortingar som ein skal nytte når ein transkriberer folketeljingar.', 'Korrekturmeldingar og merknadar Har du funne feil i transkriberte data i Digitalarkivet, eller har du motstridande opplysingar til det som er registrert? Her får du vite korleis du...', 'Korrekturmeldinger og kommentarer på registrerte kirkebøker fra AMF Publiseringen av registrerte kirkebøker fra AMF har resultert i en stor økning av innsendte korrekturmeldinger.', 'Kontaktinformasjon Vi har ulike kanaler du kan bruke dersom du lurer på noe.', '2021-06-17', 'Videreformidling av skannede dokumenter Ønsker du å bruke kopier av skannede dokumenter du har lastet ned fra Digitalarkivet?', 'Digitale format I Digitalarkivet er arkivkjelder gjort tilgjengelege for brukarane på ulike måtar. Lær meir om våre digitale format her.', 'Personvernerklæring Personvernerklæringa gjer greie for vår handsaming av personopplysningar når du nyttar Arkivverket sine tenester i arkivportalen.no, digitalarkivet.no, arkivverket.no eller kontaktar oss via skjema, nettforum, brev,...', '2018-08-20', 'Lukk Informasjon om informasjonskapslar (cookies) Arkivverket brukar cookies (informasjonskapslar) på sine nettsider for å levere ei betre teneste. Dei brukast til mellom anna skjemaoppdateringar og innlogging. Bruk sida som normalt, eller lukk informasjonsboksen for å akseptere bruk av cookies. Les meir om korleis du styrer informasjonskapslar (cookies)']","['About the Digital Archives', 'The Digital Archives present archive documents in digital form. You can search through structured data and digitized photographs, read full-text print outs or browse through pictures, view videos or listen to digitized recordings. The Digital Archives are free to use, and open to all.', 'How do I read old handwriting? The scanned sources in The Digital Archives can occasionally be very difficult to read. On this page, you can get advice on how to learn...', 'Help Our user guides can assist you in accessing and using the material available in the Digital Archives. Here you will find solutions to common problems...', 'About the Digital Archives The most visible part of the Digital Archives is the internet site, which serves as an entry point into archive material. However, there are a...', 'Restricted images in the Digital Archives Some pictures in the Digital Archives are restricted for viewing. These, and sometimes entire archives, may be covered by legislative restrictions and therefore not freely...', '2017-03-24', 'Contact Information We have various channels you can use if you have any questions.', '2017-03-22', 'Privacy policy This privacy policy explains the handling of personal information that is registered when you use the National Archives’ services on arkivportalen.no and digitalarkivet.no, arkivverket.no, or...', '2017-02-23', 'Close Information concerning cookies The National Archives use cookies to improve services for our users. The cookie usage include form updates and login. Continue to browse as normal or close this information box to agree to our use of cookies. More information on how to manage cookies.']"
570cb4e14349fd5e239113022f4cc326534c4e92,6f4480180004c45526163a4367930507bad72fa3,https://www.digitalarkivet.no/nn/actors/497/tore-h-vigerust,https://www.digitalarkivet.no/en/actors/497/tore-h-vigerust,"['Tore H. Vigerust', 'Nøkkelinformasjon', 'Kontaktinformasjon', '-', 'Om Tore H. Vigerust', 'Tore Hermundsson Vigerust (f.1955 - d. 2010) var historiker og genealog bosatt i Oslo. Han registrerte kilder fra norske kjøpsteder på 1600- og 1700-tallet samt skattemanntall, regnskaper og jordebøker for Østlandet ca 1570-1660', 'Lukk Informasjon om informasjonskapslar (cookies) Arkivverket brukar cookies (informasjonskapslar) på sine nettsider for å levere ei betre teneste. Dei brukast til mellom anna skjemaoppdateringar og innlogging. Bruk sida som normalt, eller lukk informasjonsboksen for å akseptere bruk av cookies. Les meir om korleis du styrer informasjonskapslar (cookies)']","['Tore H. Vigerust', 'Key information', 'Contact information', 'Email:', '-', 'Close Information concerning cookies The National Archives use cookies to improve services for our users. The cookie usage include form updates and login. Continue to browse as normal or close this information box to agree to our use of cookies. More information on how to manage cookies.']"
7652bd671e31c94d9f46188d15afbc9596aa97e9,b98945066353b94801ca73fc47fa4861c261bed4,https://www.digitalarkivet.no/nn/content/censuses,https://www.digitalarkivet.no/en/content/censuses,"['Folketellinger og manntall', 'Fra midten av 1600-tallet har det vært viktig for myndighetene å holde oversikt befolkningens antall og sammensetning. Her finner du statlige folketellinger og manntall, samt enkelte kommunale folketellinger.', 'Lukk Informasjon om informasjonskapslar (cookies) Arkivverket brukar cookies (informasjonskapslar) på sine nettsider for å levere ei betre teneste. Dei brukast til mellom anna skjemaoppdateringar og innlogging. Bruk sida som normalt, eller lukk informasjonsboksen for å akseptere bruk av cookies. Les meir om korleis du styrer informasjonskapslar (cookies)']","['Censuses and censuses of men', 'From the middle of the 17th century, it has been important for the authorities to keep a count of the population and its composition. Here you can find government censuses and censuses of men, as well as some municipal censuses.', 'Close Information concerning cookies The National Archives use cookies to improve services for our users. The cookie usage include form updates and login. Continue to browse as normal or close this information box to agree to our use of cookies. More information on how to manage cookies.']"
01ad9b3492fabc9c9aa200f2b416c9320ecbd9f4,a41eb0ea1f1513c39b5b4a72e06bdf84b7e0d59d,https://www.digitalarkivet.no/nn/actors/271/jo-rune-ugulen/transcriptions,https://www.digitalarkivet.no/en/actors/271/jo-rune-ugulen/transcriptions,"['Jo Rune Ugulen', 'Lukk Informasjon om informasjonskapslar (cookies) Arkivverket brukar cookies (informasjonskapslar) på sine nettsider for å levere ei betre teneste. Dei brukast til mellom anna skjemaoppdateringar og innlogging. Bruk sida som normalt, eller lukk informasjonsboksen for å akseptere bruk av cookies. Les meir om korleis du styrer informasjonskapslar (cookies)']","['Jo Rune Ugulen', 'Close Information concerning cookies The National Archives use cookies to improve services for our users. The cookie usage include form updates and login. Continue to browse as normal or close this information box to agree to our use of cookies. More information on how to manage cookies.']"
7967d025eb513c0b65fcc70a0983fa2c4e6b7303,55892c8abd98fb4eae3153cd7000942f6f5a5a50,https://www.digitalarkivet.no/nn/actors/247/ingerkarin-martinsen/transcriptions,https://www.digitalarkivet.no/en/actors/247/ingerkarin-martinsen/transcriptions,"['Inger-Karin Martinsen', 'Lukk Informasjon om informasjonskapslar (cookies) Arkivverket brukar cookies (informasjonskapslar) på sine nettsider for å levere ei betre teneste. Dei brukast til mellom anna skjemaoppdateringar og innlogging. Bruk sida som normalt, eller lukk informasjonsboksen for å akseptere bruk av cookies. Les meir om korleis du styrer informasjonskapslar (cookies)']","['Inger-Karin Martinsen', 'Close Information concerning cookies The National Archives use cookies to improve services for our users. The cookie usage include form updates and login. Continue to browse as normal or close this information box to agree to our use of cookies. More information on how to manage cookies.']"
efef7e6a7471fc4126fb58a47d58c3a8d9612212,44ea1ff2d94e69c0dccac3ec8479f6955ab6c2fd,https://www.digitalarkivet.no/nn/actors/61/arne-johan-gjermundsen/transcriptions,https://www.digitalarkivet.no/en/actors/61/arne-johan-gjermundsen/transcriptions,"['Arne Johan Gjermundsen', 'Lukk Informasjon om informasjonskapslar (cookies) Arkivverket brukar cookies (informasjonskapslar) på sine nettsider for å levere ei betre teneste. Dei brukast til mellom anna skjemaoppdateringar og innlogging. Bruk sida som normalt, eller lukk informasjonsboksen for å akseptere bruk av cookies. Les meir om korleis du styrer informasjonskapslar (cookies)']","['Arne Johan Gjermundsen', 'Close Information concerning cookies The National Archives use cookies to improve services for our users. The cookie usage include form updates and login. Continue to browse as normal or close this information box to agree to our use of cookies. More information on how to manage cookies.']"
24dea2064b099518b93ab08a4c754df447d001d4,0308002402fb5bd3f8586720f6ae41a5d10a238f,https://www.digitalarkivet.no/nn/actors/711/oppdal-kommune,https://www.digitalarkivet.no/en/actors/711/oppdal-kommune,"['Oppdal kommune', 'Nøkkelinformasjon', 'Kontaktinformasjon', 'Om Oppdal kommune', 'Registreringa er gjort i samband med bygdebokprosjektet til Oppdal, Oppdal kommune .Registrator og kontaktperson: Arvid Skogseth', 'Lukk Informasjon om informasjonskapslar (cookies) Arkivverket brukar cookies (informasjonskapslar) på sine nettsider for å levere ei betre teneste. Dei brukast til mellom anna skjemaoppdateringar og innlogging. Bruk sida som normalt, eller lukk informasjonsboksen for å akseptere bruk av cookies. Les meir om korleis du styrer informasjonskapslar (cookies)']","['Oppdal kommune', 'Key information', 'Contact information', 'Email:', '-', 'Close Information concerning cookies The National Archives use cookies to improve services for our users. The cookie usage include form updates and login. Continue to browse as normal or close this information box to agree to our use of cookies. More information on how to manage cookies.']"
4e227549cb8d37f15a897c1116d9831ec406fead,08766dd167e3fbf0f4f047e4098ddb7f3e30b519,https://www.digitalarkivet.no/nn/content/contact-da,https://www.digitalarkivet.no/en/content/contact-da,"['Eksterne avtalepartnere', 'Lukk Informasjon om informasjonskapslar (cookies) Arkivverket brukar cookies (informasjonskapslar) på sine nettsider for å levere ei betre teneste. Dei brukast til mellom anna skjemaoppdateringar og innlogging. Bruk sida som normalt, eller lukk informasjonsboksen for å akseptere bruk av cookies. Les meir om korleis du styrer informasjonskapslar (cookies)']","['Contact us regarding the Digital Archive?', 'Close Information concerning cookies The National Archives use cookies to improve services for our users. The cookie usage include form updates and login. Continue to browse as normal or close this information box to agree to our use of cookies. More information on how to manage cookies.']"
5eba85b0b8d8d9942f90fb137590f242e6292fb6,d6fe2f5d600f4e8ad32cc81a4e95120824dc8825,https://www.digitalarkivet.no/nn/actors/615/tonny-sundeng,https://www.digitalarkivet.no/en/actors/615/tonny-sundeng,"['Om Tonny Sundeng', 'Lukk Informasjon om informasjonskapslar (cookies) Arkivverket brukar cookies (informasjonskapslar) på sine nettsider for å levere ei betre teneste. Dei brukast til mellom anna skjemaoppdateringar og innlogging. Bruk sida som normalt, eller lukk informasjonsboksen for å akseptere bruk av cookies. Les meir om korleis du styrer informasjonskapslar (cookies)']","['About Tonny Sundeng', 'Close Information concerning cookies The National Archives use cookies to improve services for our users. The cookie usage include form updates and login. Continue to browse as normal or close this information box to agree to our use of cookies. More information on how to manage cookies.']"
0f328d78071fe7455045a42a64efb38927358336,8e87d0ef3a61f35a632f0f3b0257e7a90427c4cb,https://www.digitalarkivet.no/nn/content/start-properties,https://www.digitalarkivet.no/en/content/start-properties,"['Innhaldsside pantebøker Ei innhaldsside hjelper deg å finne fram i ei pantebok, men ikkje alle pantebøker har ei innhaldsside. Her lærer du korleis du finn, og korleis...', 'Eksempel: Årstadveien 22 i Bergen Her kan du lese om hvordan du kan bruke Gammel grunnbok for å finne pantebokhenvisninger til tinglyste dokumenter for en eiendom. Det vises eksempler på...', 'Selvbetjeningsløsning for gammel grunnbok Gammel grunnbok ble ført i perioden 1936 til ca. 1991 og erstattet panteregistrene. Gammel grunnbok er nyttig for å finne tinglysinger fra før ca. 1991.', 'Slik finner du jordskiftesaker i Digitalarkivet Arkivverket skanner jordskifteprotokoller og utarbeider søkbare registre til disse. Les hvordan du finner frem til jordskiftesaker.', 'Slik finner du tinglysinger i Digitalarkivet Kartverket har i dag ansvar for tinglyste eiendomsopplysninger, men tinglysinger fra før 1951 er avlevert til Arkivverket, og disse er avfotografert og tilgjengelig via Digitalarkivet.', 'Direkteoppslag med dagboknummer For pantebøker fra perioden 1936-1950 er det mulig å slå opp et dagboknummer direkte, forutsatt at den aktuelle panteboka er indeksert med dagboknummer.', 'Søk etter eigedom i panteregistra I panteregistra finn du tilvisingar til tinglysingar sortert etter eigedom. Her får du vite korleis du går fram for å søke etter ein eigedom i...', 'Overgang mellom panteregistersøk Ikkje alle panteregister er lagde til rette for søk etter eigedomar. Difor er det nyttig å kunne variere mellom søk etter skanna panteregister og søk...', 'Søk etter panteregister Panteregister er register til pantebøkene. Det finst to typar panteregister, realpanteregister for fast eigedom og personalpanteregister for lausøyre (og anna). Her lærer du å søke...', 'Lukk Informasjon om informasjonskapslar (cookies) Arkivverket brukar cookies (informasjonskapslar) på sine nettsider for å levere ei betre teneste. Dei brukast til mellom anna skjemaoppdateringar og innlogging. Bruk sida som normalt, eller lukk informasjonsboksen for å akseptere bruk av cookies. Les meir om korleis du styrer informasjonskapslar (cookies)']","['How to find Land Registry in the Digital Archives', 'Informations on this is mainly given in Norwegian.', 'Close Information concerning cookies The National Archives use cookies to improve services for our users. The cookie usage include form updates and login. Continue to browse as normal or close this information box to agree to our use of cookies. More information on how to manage cookies.']"
3f6f231c96fe30d7019465e1a0a46da99f30c023,491f5f3c56b07d95d6a3c3ba6d216e5d91b0df47,https://www.digitalarkivet.no/nn/content/privacy,https://www.digitalarkivet.no/en/content/privacy,"['Personvernerklæring', 'Personvernerklæringa gjer greie for vår handsaming av personopplysningar når du nyttar Arkivverket sine tenester i arkivportalen.no, digitalarkivet.no, arkivverket.no eller kontaktar oss via skjema, nettforum, brev, telefon, eller ved personleg oppmøte.', 'Offentlegheit og følsame opplysningar', 'Arkivverket er pålagd å fylgje offentleglova. Alle har rett til innsyn i dei dokumenta som skapast i kontakten mellom oss og publikum. Det betyr likevel ikkje at alle dokument er tilgjengeleg utan atterhald eller lasta opp på internett. Dokument som er underlagd teieplikt etter lov, vil alltid vere skjerma for alle andre enn dei som har rett til innsyn etter lova.', 'Din kontakt med Arkivverket', 'Du kan kontakte oss på fleire måtar. Den primære kanalen for privatpersonar vil vere våre kontaktskjema, men du kan også kontakte oss gjennom nettforumet i Digitalarkivet, brev, telefon eller ved personleg oppmøte.', 'Alle førespurnadar som fører til sakshandsaming, blir journalførte hos oss. Vår journal er offentleg og tilgjengeleg på internett, men søk i søkemotor gjev ikkje treff på namn i journalen.', 'Hugs at namnet ditt vil bli synleg i den offentlege journalen når du ber om innsyn.', 'Du har rett til innsyn i dei opplysningane me har lagra om deg gjennom din kontakt med oss.', 'Bruk av informasjonskapslar (cookies)', 'Arkivverket nyttar informasjonskapslar (”cookies”) for å analysere det generelle brukarmønsteret på arkivverket.no og digitalarkivet.no. Informasjonskapslar er små tekstfiler som nettstadene lagrar på brukaren sin datamaskin. Filene kan berre lesast av nettstadene og brukaren sjølv, og blir for eksempel nytta for å finne ut om brukaren har besøkt nettstadene før, tidspunkt for besøket og kva nettstad brukaren kom frå. Arkivverket nyttar informasjonskapslar for å betre arkivverket.no og digitalarkivet.no. Informasjonskapslane inneheld ikkje personopplysningar.', 'Du kan hindre at informasjonskapslar blir lagra på datamaskinen ved å endre innstillingane i nettlesaren.', 'Analyseverktøy for webstatistikk', 'Arkivverket nyttar analyseverktøyet Google Analytics for å samle inn informasjon om nettstadene arkivverket.no og digitalarkivet.no. Google Analytics nyttar informasjonskapslar. Arkivverket er ansvarleg for arkivverket.no og digitalarkivet.no, og bestemmer kva opplysningar Google kan hente inn om bruken av nettstadene. Google Analytics mottek berre generell webstatistikk som for eksempel informasjon om nettlesartype, tidspunkt, språk og kva nettside brukaren kom frå.', 'I tråd med vanleg praksis på Internett, blir brukaren si IP-adresse registrert av arkivverket.no og digitalarkivet.no. Men Arkivverket har valt å legge inn eit script som fjernar dei siste siffera frå IP-adressa før informasjonen blir lagra av Google Analytics. Dette gjer at analyseverktøyet kan anslå brukaren si geografiske plassering, men adressa kan ikkje nyttast til å identifisere den enkelte. Dei mottekne opplysningane er underlagde Google sine retningslinjer for personvern.', 'Arkivverkets heimeside', 'Når ein gjer søk på arkivverket.no og undersider, registrerast IP-adressa frå den nytta dataeininga. Du kan og kontakte oss direkte gjennom skjema på heimesida. Kontakt gjennom skjema blir handsama på same måte som e-post, og av tryggleiksomsyn bør ein her òg vurdere kva ein sender usikra over nett.', 'Nettstaden nyttar informasjonskapslar. Me nyttar ikkje informasjonskapslar for å lagre personinformasjon. Du kan sjølv skru av informasjonskapslar i nettlesaren.', 'Arkivportalen', 'Du kan tinge tenester gjennom arkivportalen.no. For at me best mogleg skal kunne hjelpe deg, treng me å vite kven du er. Dei opplysningane du gjev oss, nyttar me berre for den aktuelle tinginga og eventuell oppfølging. Opplysningane slettast frå dette systemet når førespurnaden er behandla ferdig, men dei kan bli overførd til andre system.', 'Om tinginga gjeld arkivmateriale til bruk på lesesal, vil ho bli overført til eit internt tingingssystem kor opplysningane kan bli lagra i opp til 10 år.', 'Om førespurnaden din fører til ordinær sakshandsaming, vil den bli ført over i vårt journalsystem, og eventuelt rekneskapssystem om det er ein teneste som krev betaling. Opplysningane blir lagra i desse systema. Sidan journalen er offentleg, kan andre få vite om alle førespurnader til Arkivverket, både med namn og tema. Unnatak er dei opplysningar som er regulert av teieplikta med heimel i forvaltningslova og offentleglova.', 'Nettstaden nyttar informasjonskapslar. Me nyttar ikkje informasjonskapslar for å lagre personinformasjon. Du kan sjølv skru av informasjonskapslar i nettlesaren.', 'Digitalarkivet', 'Du treng ikkje å registrere deg for å søke eller bla i digitaliserte arkiv i Digitalarkivet (digitalarkivet.no), men Arkivverkets systemansvarlege vil kunne lese av IP-adressa frå den nytta dataeininga. Nettstaden nyttar informasjonskapslar. Me nyttar informasjonskapslar for å kunne gi deg ei god teneste. Du kan skru av informasjonskapslar, men då kan noko funksjonalitet gå tapt. Du vil heller ikkje få tilgang til materiale som krev innlogging. Passord eller andre personlege opplysningar blir ikkje lagra i informasjonskapslane.', 'Du kan registrere deg som brukar i Digitalarkivet og få ein brukarkonto. Me krev da registrering av namn og e-postadresse, fordi me vil vite kven du er. Du kan nytte brukarkontoen til deltaking i debattfora og lagring av personlege innstillingar, og du kan nytte brukarkontoen til å identifisere deg når du nyttar funksjonen Gje tilbakemelding i Digitalarkivet. Brukarkontoen er òg ein føresetnad for å kunne få tilgang til digitalisert arkivmateriale som ikkje er fritt tilgjengeleg, og for å kunne få tilgang til verktøya Arkivdigitalisering og Metadataredigering, som vert nytta i samband med Digitalarkivet som nasjonal publiseringsplattform.', 'Når du deltek i debattfora på Digitalarkivet, blir namnet ditt synleg saman med debattinnlegga du skriv. E-postadressen blir ikkje synleg for andre enn Arkivverkets moderatorar. Me gjer deg merksam på at namn og debattinnlegg vil kunne finnast igjen av søkemotorar. Det er ikkje satt noka grense for kor lenge debattinnlegg blir lagra.', 'Nyttar du funksjonen Gje tilbakemelding, vil dine tilbakemeldingar bli lagra saman med namn og e-postadresse. Det er ikkje satt noka grense for kor lenge tilbakemeldingane blir lagra.', 'Dersom du får digital tilgang til digitalisert arkivmateriale som ikkje er fritt tilgjengeleg for alle, og/eller dersom du får tilgang til verktøya Arkivdigitalisering og Metadataredigering, knytta til ein eller fleire verksemder, blir tilgangar som du har eller har hatt, lagra saman med namnet og e-postadressen din.', 'Personopplysningane som lagrast, er kun tilgjengelege for interne avdelingar i Arkivverket. Me samlar ikkje inn opplysningar for å kunne analyse korleis brukarar navigerer i og nyttar tenestene. Me deler ikkje personlege data om individuell bruk av våre tenester.', 'Gotisk handskrift-app', 'Appen kan lastast ned gratis frå Google Play og App Store, og fungerer både på smarttelefon og lesebrett, men har einskilde avgrensingar på smarttelefonar med eldre programvare. Appen fungerer ikkje på PC eller Mac.', 'Ved nedlasting av appen nyttast dei personopplysningane du allereie har i Google Play og App Store for å kunne gje tilgang til appen, noko som er i samsvar med brukarvilkåra ved bruk av desse tenestene.', 'Facebook-deling i appen brukar Facebooks API for deling. Login handsamast av Facebook. Det blir generert eit bilete av den gotiske teksten som blir sendt med, men ingen personopplysningar blir registrerte eller lagra i appen.', 'Appen registrerer ikkje «cookies».', 'Lukk Informasjon om informasjonskapslar (cookies) Arkivverket brukar cookies (informasjonskapslar) på sine nettsider for å levere ei betre teneste. Dei brukast til mellom anna skjemaoppdateringar og innlogging. Bruk sida som normalt, eller lukk informasjonsboksen for å akseptere bruk av cookies. Les meir om korleis du styrer informasjonskapslar (cookies)']","['Privacy policy', 'This privacy policy explains the handling of personal information that is registered when you use the National Archives’ services on arkivportalen.no and digitalarkivet.no, arkivverket.no, or contact the National Archives via e-mail.', ""As a government entity, the National Archives are bound by the Norwegian Freedom of Information Act (Offentleglova). This law provides citizens' rights to access to public records. However, this does not mean that all records are freely available and/or published on the internet. Confidential information, protected by other legislation, ensures that only an individual or individuals referenced in certain records may be permitted to see them. Requests for such information will usually contain some form of sensitive information, and it is important to consider which medium you choose to send us these requests to avoid unauthorized person(s) accessing it."", 'E-mail', 'You can communicate with the National Archives via e-mail, but be aware that this is not a secure channel. In an e-mail you should not write anything that you do not want unauthorized persons to see. E-mails are treated like other documents, meaning that if there is an inquiry you want us to process, it will be logged and saved in our electronic journal and archive system. Our journal is part of the official electronic post journal that is accessible on the internet, but searches via search engines will not produce hits on names that registered in the journal.', 'The National Archives’ home page (The National Archives, the Regional State Archives, the Sami Archives and the Norwegian Health Archives)', 'When searching our home pages, the IP address on the computer that is used is registered. You can also send us a personal request via a form on the home page. These requests are handled in the same way as e-mails. As previously mentioned, e-mails should be considered an insecure channel. When you order products from the web shop, you must register in order for us to send ordered products and invoices. The information is saved in our customer database for a period of 10 years. These websites uses cookies, however we do not use cookies to save personal information. You may set your browser reject these cookies. The National Archives also employ the use of Piwik web analytics. Data collected from Piwik web analytics, is used soley by the National Archives, and never shared with third parties.', 'The Catalogues/Arkivportalen (www.arkivportalen.no)', 'User information is also required when requesting services from www.arkivportalen.no. The information you submit is used soley for delivering the requested services you request, and in some cases to provide other feedback to you. The information is deleted at the end of the session, though it may be transferred to other National Archives systems depending on the type of request. Requests involving ordering of archival materiale for use in the reading room will be transferred to our internal booking system, where it will be stored for a period of up to 10 years. Requests which requires us to send you information, or other services which carry a charge, will be transferred to our electronic journal and processing system, as well as our accounting system. Such requests will be stored indefinately. Requests for information are also public information, unless the information requested is confidential in nature.', 'This website uses cookies, however we do not use cookies to save personal information. You may set your browser reject these cookies. The National Archives also employ the use of Google Web analytics. Data collected from Google Analytics, is used soley by the National Archives, and never shared with third parties.', 'The Digital Archives (www.digitalarkivet.no)', ""Standard, anonymous use of the Digital Archives does not require you to submit personal information. Your computer's IP address may be stored in server log files but is never used for identification purposes. This website uses cookies, however we do not use cookies to save personal information. You may set your browser reject these cookies. The Digital Archives also employ the use of Piwik web analytics. Data collected from Piwik web analytics, is used soley by the National Archives, and never shared with third parties."", 'If you wish to take part in discussions on forum.arkivverket.no, you must submit some personal information as part of the user registration process. Only your name will be published together with your discussion posts. Please note that that this will lead to your name being available on internet search engines. There is currently no set limit for how long these posts may be accessible.', 'Close Information concerning cookies The National Archives use cookies to improve services for our users. The cookie usage include form updates and login. Continue to browse as normal or close this information box to agree to our use of cookies. More information on how to manage cookies.']"
cb1f9195a742e6aee3973d8e4f48acfa10933192,6618849e53b847275979cbdbc174f035cca327f9,https://www.digitalarkivet.no/nn/actors/37/det-norske-utvandrersenteret/transcriptions,https://www.digitalarkivet.no/en/actors/37/det-norske-utvandrersenteret/transcriptions,"['Det norske utvandrersenteret', 'Lukk Informasjon om informasjonskapslar (cookies) Arkivverket brukar cookies (informasjonskapslar) på sine nettsider for å levere ei betre teneste. Dei brukast til mellom anna skjemaoppdateringar og innlogging. Bruk sida som normalt, eller lukk informasjonsboksen for å akseptere bruk av cookies. Les meir om korleis du styrer informasjonskapslar (cookies)']","['Det norske utvandrersenteret', 'Close Information concerning cookies The National Archives use cookies to improve services for our users. The cookie usage include form updates and login. Continue to browse as normal or close this information box to agree to our use of cookies. More information on how to manage cookies.']"
